Id,weight
167.101.249.37,1.0803912021575001e-05
253.38.199.162,1.1544227022586668e-05
138.78.196.197,1.0716039418135001e-05
130.214.11.35,1.1038727376125e-05
150.253.155.40,1.0734917141551666e-05
195.41.193.164,1.1849457298298332e-05
131.189.45.139,1.1554544343401671e-05
49.18.24.248,9.645520663225e-06
148.148.24.212,9.861739989901668e-06
251.185.143.118,9.700748486975e-06
